,City,Lat,Lng,Max Temp,Humidity,Cloudiness,Wind Speed,Country,Date
0,Bredasdorp,-34.5322,20.0403,53.6,82,98,6.91,ZA,1621140905
1,Beberibe,-4.1797,-38.1306,78.01,94,40,6.91,BR,1621140905
2,Bambous Virieux,-20.3428,57.7575,79.0,78,75,12.66,MU,1621140905
3,Kitimat,54.0524,-128.6534,51.01,88,100,2.82,CA,1621140906
4,Rikitea,-23.1203,-134.9692,74.8,65,92,18.32,PF,1621140644
5,Clyde River,70.4692,-68.5914,10.4,67,1,9.22,CA,1621140907
6,Port Lincoln,-34.7333,135.8667,59.88,56,98,11.74,AU,1621140907
7,George Town,5.4112,100.3354,89.01,74,20,4.61,MY,1621140908
8,Jamestown,42.097,-79.2353,55.4,35,1,3.44,US,1621140908
9,Lebu,-37.6167,-73.65,50.14,84,10,8.66,CL,1621140909
10,Hermanus,-34.4187,19.2345,54.0,72,99,3.0,ZA,1621140640
11,Ushuaia,-54.8,-68.3,46.4,61,20,19.57,AR,1621140773
12,Nemuro,43.3236,145.575,55.4,94,75,18.41,JP,1621140910
13,Mount Gambier,-37.8333,140.7667,55.4,76,75,17.27,AU,1621140910
14,Cape Town,-33.9258,18.4232,54.0,93,0,5.75,ZA,1621140781
15,Khatanga,71.9667,102.5,22.28,81,99,11.72,RU,1621140911
16,Albany,42.6001,-73.9662,55.0,74,100,3.11,US,1621140911
17,Caravelas,-17.7125,-39.2481,70.93,71,97,5.5,BR,1621140868
18,Boyolangu,-8.1181,111.8935,82.94,70,66,10.58,ID,1621140912
19,Tumut,-35.3,148.2167,51.8,50,90,11.5,AU,1621140912
20,Vaini,-21.2,-175.2,78.8,89,75,9.22,TO,1621140913
21,Saint-Philippe,-21.3585,55.7679,78.8,53,75,6.91,RE,1621140913
22,Dvinskoy Bereznik,62.8551,42.7072,61.38,83,95,8.97,RU,1621140913
23,Mar del Plata,-38.0023,-57.5575,55.0,87,0,6.91,AR,1621140654
24,Hilo,19.7297,-155.09,80.6,54,1,9.22,US,1621140629
25,Mataura,-46.1927,168.8643,52.0,71,12,1.01,NZ,1621140914
26,Bundaberg,-24.85,152.35,71.6,35,2,8.05,AU,1621140615
27,Bengkulu,-3.8004,102.2655,85.53,67,35,6.08,ID,1621140915
28,Klaksvík,62.2266,-6.589,44.6,87,90,10.36,FO,1621140915
29,Phalombe,-15.8064,35.6507,65.35,71,31,1.28,MW,1621140916
30,Irtyshskiy,58.3333,68.1333,74.1,45,97,9.33,RU,1621140916
31,Jiexiu,37.0244,111.9125,52.93,76,100,5.95,CN,1621140665
32,Busselton,-33.65,115.3333,69.01,63,100,3.0,AU,1621140917
33,Keetmanshoop,-26.5833,18.1333,51.8,82,0,8.05,NA,1621140917
34,Newport,51.5877,-2.9984,48.0,91,98,7.67,GB,1621140710
35,Atuona,-9.8,-139.0333,79.54,67,6,16.35,PF,1621140918
36,Hithadhoo,-0.6,73.0833,84.88,72,100,16.13,MV,1621140918
37,Port Moresby,-9.4431,147.1797,87.8,74,75,11.5,PG,1621140700
38,Sola,-13.8833,167.55,82.31,72,23,6.87,VU,1621140919
39,Korla,41.7597,86.1469,69.3,28,98,11.72,CN,1621140920
40,Punta Arenas,-53.15,-70.9167,44.6,100,90,9.22,CL,1621140873
41,Havre-St-Pierre,50.2334,-63.5986,41.0,87,90,7.85,CA,1621140920
42,Tasiilaq,65.6145,-37.6368,26.6,68,28,3.44,GL,1621140921
43,Kurisove,46.9695,30.9591,59.0,100,100,2.24,UA,1621140921
44,Port Elizabeth,-33.918,25.5701,57.2,94,20,17.27,ZA,1621140922
45,Ambilobe,-13.2,49.05,76.57,65,17,4.36,MG,1621140922
46,Belaya Gora,68.5333,146.4167,44.6,55,100,9.95,RU,1621140922
47,Chokurdakh,70.6333,147.9167,33.08,98,100,7.11,RU,1621140923
48,Hurghada,27.2574,33.8129,77.0,23,0,5.75,EG,1621140923
49,Severo-Kuril'sk,50.6789,156.125,40.06,74,100,15.5,RU,1621140924
50,Butaritari,3.0707,172.7902,82.92,79,69,15.9,KI,1621140924
51,Wattegama,6.7989,81.4808,87.8,79,75,6.91,LK,1621140924
52,Lhokseumawe,5.1801,97.1507,85.8,67,100,4.79,ID,1621140925
53,Baykit,61.67,96.37,38.7,42,71,10.83,RU,1621140925
54,East London,-33.0153,27.9116,59.0,88,0,11.5,ZA,1621140926
55,George Town,5.4112,100.3354,89.01,74,20,4.61,MY,1621140908
56,Kissidougou,9.1848,-10.0999,68.38,95,100,2.37,GN,1621140927
57,Belém,-1.4558,-48.5044,75.2,94,75,4.38,BR,1621140866
58,São Filipe,14.8961,-24.4956,74.03,67,86,8.59,CV,1621140927
59,Cotonou,6.3654,2.4183,78.76,84,93,11.86,BJ,1621140928
60,Sémbé,1.6481,14.5806,70.39,98,100,1.01,CG,1621140928
61,Riviere-au-Renard,48.9957,-64.3971,46.4,76,90,2.3,CA,1621140928
62,New Norfolk,-42.7826,147.0587,57.0,77,80,3.0,AU,1621140929
63,Manyana,-23.4,21.7167,54.05,38,0,8.01,BW,1621140929
64,Kaitangata,-46.2817,169.8464,52.0,56,2,3.02,NZ,1621140930
65,Tuktoyaktuk,69.4541,-133.0374,33.8,86,20,12.66,CA,1621140930
66,Hasaki,35.7333,140.8333,75.0,83,75,14.97,JP,1621140931
67,Kununurra,-15.7667,128.7333,82.4,24,1,10.36,AU,1621140931
68,Nanortalik,60.1432,-45.2371,35.83,83,14,1.01,GL,1621140660
69,Mount Isa,-20.7333,139.5,77.0,15,0,12.66,AU,1621140932
70,Madang,-5.2246,145.7966,83.64,84,98,9.19,PG,1621140933
71,Alta Floresta,-9.8756,-56.0861,67.73,75,98,2.8,BR,1621140934
72,Ostrovnoy,68.0531,39.5131,32.59,94,100,12.84,RU,1621140934
73,Kapaa,22.0752,-159.319,75.2,69,75,18.41,US,1621140934
74,Jiayuguan City,39.8167,98.3,67.78,17,80,10.11,CN,1621140935
75,Hobart,-42.8794,147.3294,57.0,50,40,16.11,AU,1621140800
76,Sohāgpur,22.7,78.2,100.42,28,84,9.62,IN,1621140936
77,Ribeira Grande,38.5167,-28.7,63.14,92,100,3.78,PT,1621140936
78,Thompson,55.7435,-97.8558,42.8,65,75,6.91,CA,1621140937
79,Talaya,61.3833,152.75,40.05,72,99,8.41,RU,1621140937
80,Port Alfred,-33.5906,26.891,60.37,87,98,16.15,ZA,1621140851
81,Saskylakh,71.9167,114.0833,17.82,87,100,15.57,RU,1621140938
82,Sioux Lookout,50.1001,-91.917,48.2,81,40,2.3,CA,1621140872
83,Faanui,-16.4833,-151.75,81.97,69,100,16.31,PF,1621140938
84,Carnarvon,-24.8667,113.6333,80.6,36,33,10.36,AU,1621140645
85,Longyearbyen,78.2186,15.6401,23.0,63,40,4.61,SJ,1621140939
86,Maridi,4.9158,29.4742,69.82,88,49,3.09,SS,1621140939
87,Zykovo,55.9519,93.1461,46.4,93,90,0.65,RU,1621140940
88,Lüderitz,-26.6481,15.1594,59.95,88,36,6.62,NA,1621140781
89,Puerto Ayora,-0.7393,-90.3518,72.0,99,14,4.0,EC,1621140941
90,Zhezkazgan,47.8043,67.7144,75.0,26,0,8.25,KZ,1621140941
91,Waingapu,-9.6567,120.2641,84.6,61,39,15.32,ID,1621140941
92,Bagdarin,54.4333,113.6,55.38,40,96,13.29,RU,1621140942
93,Castro,-24.7911,-50.0119,49.28,98,4,3.29,BR,1621140942
94,Mingguang,32.7802,117.9638,56.73,89,100,15.52,CN,1621140943
95,Codrington,-38.2667,141.9667,57.83,66,52,19.86,AU,1621140943
96,Ballina,-28.8667,153.5667,66.2,55,90,11.5,AU,1621140943
97,Lázaro Cárdenas,17.9583,-102.2,81.32,76,3,4.83,MX,1621140944
98,Ahipara,-35.1667,173.1667,63.97,80,22,9.66,NZ,1621140661
99,Ontario,34.0633,-117.6509,60.8,72,75,11.5,US,1621140945
100,Geraldton,-28.7667,114.6,84.2,26,7,17.27,AU,1621140945
101,Kota Kinabalu,5.9749,116.0724,91.4,70,20,6.91,MY,1621140793
102,Coruripe,-10.1256,-36.1756,75.33,82,88,7.02,BR,1621140946
103,Puerto Colombia,10.9878,-74.9547,80.6,83,0,9.22,CO,1621140946
104,Lakes Entrance,-37.8811,147.981,62.01,52,79,3.0,AU,1621140946
105,Sulangan,11.1373,123.7228,85.19,70,67,9.04,PH,1621140947
106,Bilibino,68.0546,166.4372,35.47,80,94,1.86,RU,1621140947
107,Changping,40.2186,116.2197,77.0,27,0,6.71,CN,1621140948
108,Illapel,-31.6308,-71.1653,61.5,65,64,1.72,CL,1621140948
109,Mayo,38.8876,-76.5119,62.6,59,1,8.05,US,1621140948
110,Bac Lieu,9.285,105.7244,89.87,59,41,10.56,VN,1621140949
111,Kedrovyy,56.1667,91.8167,46.4,93,90,2.01,RU,1621140950
112,Pyapon,16.2833,95.6833,99.5,35,10,7.16,MM,1621140950
113,Nishihara,26.1842,127.7558,87.8,62,40,19.57,JP,1621140951
114,São João da Barra,-21.6403,-41.0511,66.65,83,4,2.28,BR,1621140951
115,Cootamundra,-34.65,148.0333,54.0,51,12,4.0,AU,1621140952
116,Cap Malheureux,-19.9842,57.6142,79.0,65,5,10.0,MU,1621140952
117,Ca Mau,9.1769,105.15,95.95,43,65,7.78,VN,1621140890
118,Half Moon Bay,37.4636,-122.4286,54.0,93,90,8.05,US,1621140953
119,Ketchikan,55.3422,-131.6461,50.0,81,90,9.22,US,1621140953
120,Tezu,27.9167,96.1667,86.47,42,51,3.02,IN,1621140954
121,Dikson,73.5069,80.5464,24.98,72,100,17.2,RU,1621140954
122,Akdepe,42.0551,59.3788,75.2,27,0,18.41,TM,1621140954
123,Les Cayes,18.2,-73.75,75.56,85,13,4.16,HT,1621140955
124,Marovoay,-16.1,46.6333,71.6,78,20,6.91,MG,1621140955
125,Yellowknife,62.456,-114.3525,35.6,69,75,6.91,CA,1621140956
126,Husavik,66.0449,-17.3389,33.8,69,90,4.61,IS,1621140956
127,Gisborne,-38.6533,178.0042,64.0,56,12,3.0,NZ,1621140957
128,Aquiraz,-3.9014,-38.3911,78.01,94,40,6.91,BR,1621140844
129,Belmonte,-15.8631,-38.8828,69.8,78,40,6.91,BR,1621140958
130,Jurm,36.8648,70.8342,67.82,35,15,1.1,AF,1621140958
131,Vila Velha,-20.3297,-40.2925,66.99,94,0,2.3,BR,1621140959
132,Leningradskiy,69.3833,178.4167,31.77,90,99,6.98,RU,1621140959
133,Ilulissat,69.2167,-51.1,37.4,65,75,4.25,GL,1621140959
134,Kahului,20.8947,-156.47,77.0,57,40,16.11,US,1621140696
135,Nikolskoye,59.7035,30.7861,59.0,82,40,8.95,RU,1621140675
136,Ankazoabo,-22.2833,44.5167,73.81,56,1,2.8,MG,1621140961
137,Muyezerskiy,63.9333,31.65,48.13,81,97,8.08,RU,1621140961
138,Kamaishi,39.2667,141.8833,69.8,73,75,16.11,JP,1621140962
139,Yumen,40.2833,97.2,70.75,13,77,13.18,CN,1621140962
140,Levelland,33.5873,-102.378,60.8,82,90,13.8,US,1621140963
141,Saint Paul Harbor,57.79,-152.4072,44.6,76,90,9.22,US,1621140963
142,Uniontown,39.9001,-79.7164,54.0,51,100,3.6,US,1621140964
143,Yar-Sale,66.8333,70.8333,28.47,73,84,8.39,RU,1621140964
144,Tiksi,71.6872,128.8694,32.5,96,100,8.03,RU,1621140965
145,Sinnamary,5.3833,-52.95,77.27,86,71,8.37,GF,1621140965
146,Qaanaaq,77.484,-69.3632,30.4,74,100,7.58,GL,1621140965
147,Liku,-0.7275,119.8922,86.36,73,61,3.44,ID,1621140966
148,Barrow,71.2906,-156.7887,26.6,80,90,12.66,US,1621140966
149,Cherskiy,68.75,161.3,38.66,75,35,9.22,RU,1621140967
150,Boa Vista,2.8197,-60.6733,77.0,94,75,3.44,BR,1621140967
151,Katobu,-4.9408,122.5276,82.47,75,89,6.89,ID,1621140967
152,Shenjiamen,29.9576,122.298,71.22,93,98,11.23,CN,1621140968
153,Ipixuna,-1.7625,-48.8043,75.2,94,75,2.35,BR,1621140968
154,Maturin,9.75,-63.1767,71.71,97,14,3.65,VE,1621140969
155,Kiunga,-6.1219,141.2906,82.67,89,94,3.85,PG,1621140969
156,Lorengau,-2.0226,147.2712,85.48,73,97,10.78,PG,1621140969
157,Pangnirtung,66.1451,-65.7125,9.68,89,59,6.8,CA,1621140970
158,Arraial do Cabo,-22.9661,-42.0278,68.92,77,15,7.16,BR,1621140672
159,Gimbi,9.1667,35.8333,59.85,89,73,2.21,ET,1621140970
160,Avarua,-21.2078,-159.775,78.8,73,75,6.91,CK,1621140971
161,Kushmurun,52.4503,64.6311,80.11,32,15,3.58,KZ,1621140971
162,Mwinilunga,-11.7358,24.4293,55.36,74,1,3.18,ZM,1621140972
163,Broome,42.2506,-75.833,55.4,44,20,8.05,US,1621140680
164,Russell,32.3502,-85.1999,62.6,63,1,2.91,US,1621140972
165,Tuatapere,-46.1333,167.6833,52.0,71,68,1.01,NZ,1621140973
166,Luoyang,34.6836,112.4536,58.26,80,100,1.05,CN,1621140973
167,Staunton,38.1496,-79.0717,51.01,62,1,1.92,US,1621140974
168,Ardahan,41.1087,42.7022,58.26,66,17,6.24,TR,1621140974
169,San Jerónimo,-11.9472,-75.2829,44.22,93,90,3.27,PE,1621140975
170,Zhigansk,66.7697,123.3711,56.89,35,100,21.25,RU,1621140975
171,Babu,24.4167,111.5167,86.72,73,60,5.21,CN,1621140976
172,Rocha,-34.4833,-54.3333,48.15,73,95,3.76,UY,1621140976
173,Ibrā’,22.6906,58.5334,96.51,17,11,4.9,OM,1621140977
174,Saldanha,-33.0117,17.9442,48.2,93,0,13.27,ZA,1621140858
175,Puerto del Rosario,28.5004,-13.8627,68.0,77,30,23.02,ES,1621140977
176,El Alto,-4.2714,-81.2147,70.36,71,100,12.57,PE,1621140978
177,Mareeba,-17.0,145.4333,80.6,47,0,19.57,AU,1621140978
178,Ishigaki,24.3448,124.1572,86.0,84,75,17.27,JP,1621140979
179,Zaysan,47.4667,84.8667,69.94,33,6,7.85,KZ,1621140979
180,Hokitika,-42.7167,170.9667,52.12,93,100,8.7,NZ,1621140980
181,Isangel,-19.55,169.2667,80.04,74,9,4.83,VU,1621140980
182,San Patricio,28.017,-97.5169,73.99,94,75,12.66,US,1621140981
183,Bethel,41.3712,-73.414,57.0,62,1,4.61,US,1621140981
184,Umm Kaddadah,13.6017,26.6876,78.17,6,68,6.46,SD,1621140982
185,Provideniya,64.3833,-173.3,42.17,61,13,2.73,RU,1621140982
186,Praia,14.9215,-23.5087,69.8,78,75,12.66,CV,1621140982
187,Homer,59.6425,-151.5483,46.4,71,90,8.05,US,1621140983
188,Laguna,38.421,-121.4238,64.0,59,75,9.22,US,1621140983
189,Cayenne,4.9333,-52.3333,75.2,100,75,2.3,GF,1621140984
190,Bluff,-46.6,168.3333,52.0,71,56,1.01,NZ,1621140984
191,Laas,46.6166,10.7002,37.4,100,0,2.66,IT,1621140985
192,Nizhniy Kuranakh,58.8353,125.4869,59.11,34,38,4.92,RU,1621140985
193,Pecos,31.4229,-103.4932,68.0,73,1,14.97,US,1621140985
194,Constitución,-35.3333,-72.4167,53.89,79,45,6.4,CL,1621140986
195,Turukhansk,65.8167,87.9833,26.94,68,87,10.09,RU,1621140986
196,Teahupoo,-17.8333,-149.2667,82.4,69,75,8.05,PF,1621140987
197,Morondava,-20.2833,44.2833,75.0,69,11,4.85,MG,1621140987
198,Sayaxché,16.5167,-90.1667,72.73,93,69,4.63,GT,1621140987
199,Poso,-1.3959,120.7524,86.45,71,42,4.65,ID,1621140988
200,Saint-Augustin,51.226,-58.6502,40.1,76,100,7.02,CA,1621140988
201,Francisco Beltrão,-26.0811,-53.055,57.2,72,35,2.42,BR,1621140989
202,Makakilo City,21.3469,-158.0858,78.8,53,1,11.5,US,1621140989
203,Jaciara,-15.9653,-54.9683,68.94,62,58,1.54,BR,1621140990
204,Sitka,57.0531,-135.33,46.4,71,90,9.22,US,1621140990
205,Cidreira,-30.1811,-50.2056,60.69,81,31,5.64,BR,1621140990
206,Rapid Valley,44.0625,-103.1463,54.0,87,40,3.44,US,1621140991
207,Grand Gaube,-20.0064,57.6608,79.0,65,7,10.0,MU,1621140991
208,Mahébourg,-20.4081,57.7,75.2,78,75,12.66,MU,1621140906
209,Hervey Bay,-25.2986,152.8535,70.0,60,10,5.01,AU,1621140992
210,Pevek,69.7008,170.3133,30.74,91,84,1.32,RU,1621140992
211,Fairmont,39.4851,-80.1426,54.0,72,99,2.46,US,1621140729
212,Lagoa,39.05,-27.9833,60.31,87,100,5.17,PT,1621140993
213,Ojinaga,29.5667,-104.4167,75.2,60,1,26.46,MX,1621140993
214,Ancud,-41.8697,-73.8203,48.99,93,90,2.3,CL,1621140994
215,Northam,51.0333,-4.2167,48.0,95,99,8.01,GB,1621140995
216,Riyadh,24.6877,46.7219,86.0,21,0,15.79,SA,1621140827
217,Faya,18.3851,42.4509,69.8,24,0,4.85,SA,1621140996
218,Ucar,40.519,47.6542,68.0,68,0,2.3,AZ,1621140996
219,Marabu,4.4148,114.0089,89.6,62,40,6.91,MY,1621140996
220,North Bend,43.4065,-124.2243,50.0,87,90,12.66,US,1621140997
221,Kiryat Gat,31.61,34.7642,70.0,81,1,3.78,IL,1621140997
222,Baghlan,36.1307,68.7083,82.96,24,24,3.67,AF,1621140998
223,Tekeli,44.83,78.8239,56.3,52,96,5.7,KZ,1621140998
224,Mandalgovi,45.7625,106.2708,64.38,17,7,15.32,MN,1621140999
225,Puerto Escondido,15.85,-97.0667,83.28,76,52,5.32,MX,1621140999
226,Kosovo Polje,42.6394,21.0961,50.0,81,75,3.44,XK,1621141000
227,Agua Verde,22.9,-106.05,82.0,83,20,0.78,MX,1621141000
228,Pochutla,15.7432,-96.4661,82.99,77,55,8.01,MX,1621141001
229,Ifanadiana,-21.3,47.6333,69.58,78,50,2.3,MG,1621141001
230,Mălini,47.4667,26.0833,57.2,82,0,4.61,RO,1621141002
231,San Juan,-31.5375,-68.5364,34.0,33,29,32.99,AR,1621140867
232,Cabo San Lucas,22.8909,-109.9124,78.01,71,65,1.01,MX,1621140753
233,Harlingen,26.1906,-97.6961,73.0,100,1,14.45,US,1621141002
234,Octeville,49.6261,-1.6435,52.0,93,75,13.8,FR,1621141003
235,Mehrān,33.1222,46.1646,77.0,27,0,2.3,IR,1621141003
236,Guipavas,48.4352,-4.3972,50.0,87,20,13.8,FR,1621141004
237,Beringovskiy,63.05,179.3167,32.45,94,89,4.81,RU,1621141004
238,Talnakh,69.4865,88.3972,21.4,89,100,7.02,RU,1621141004
239,Presidencia Roque Sáenz Peña,-26.7852,-60.4388,66.0,87,45,1.01,AR,1621141005
240,Saint-Pierre,-21.3393,55.4781,78.8,53,75,6.91,RE,1621141005
241,Upernavik,72.7868,-56.1549,27.72,92,100,6.67,GL,1621141006
242,Parrita,9.5201,-84.3225,71.6,73,0,13.8,CR,1621141006
243,Orativ,49.1889,29.527,51.8,87,18,6.71,UA,1621141007
244,Along,28.1667,94.7667,85.71,44,78,1.79,IN,1621141007
245,Florianópolis,-27.6146,-48.5012,66.0,88,0,3.44,BR,1621140929
246,Luleå,65.5842,22.1547,44.6,93,90,4.61,SE,1621141004
247,Iwanai,42.9744,140.5089,55.36,97,100,5.91,JP,1621140876
248,Mineiros,-17.5694,-52.5511,63.63,69,63,2.84,BR,1621141008
249,Asău,46.4333,26.4,60.01,52,100,0.45,RO,1621141009
250,Kamenka,51.3223,42.7678,68.56,62,53,8.19,RU,1621141009
251,Firminy,45.3873,4.2907,50.0,93,75,3.33,FR,1621141010
252,Cikampek,-6.4197,107.4558,91.4,55,40,8.05,ID,1621141010
253,Vanimo,-2.6741,141.3028,85.37,69,98,7.23,PG,1621141010
254,Artyshta,54.1222,86.2909,73.22,36,64,5.73,RU,1621141011
255,Hay River,60.8156,-115.7999,32.0,100,100,10.36,CA,1621141011
256,Khargone,21.8167,75.6,96.89,34,100,16.87,IN,1621141012
257,Coyhaique,-45.5752,-72.0662,41.0,87,75,9.22,CL,1621141012
258,Dunedin,-45.8742,170.5036,53.01,72,0,4.0,NZ,1621140918
259,Ucluelet,48.9329,-125.5528,52.0,87,46,6.78,CA,1621141013
260,Sawtell,-30.3833,153.1,68.0,49,40,10.36,AU,1621141013
261,Kruisfontein,-34.0033,24.7314,57.0,89,100,4.0,ZA,1621141014
262,Havøysund,70.9963,24.6622,32.0,100,90,14.97,NO,1621141014
263,Santa Fe,-31.6333,-60.7,59.0,76,73,4.81,AR,1621141014
264,Madanapalle,13.55,78.5,86.22,48,63,8.43,IN,1621141015
265,Norman Wells,65.282,-126.8329,48.2,49,75,5.75,CA,1621141015
266,Baruun-Urt,46.6806,113.2792,66.47,16,1,11.61,MN,1621141016
267,Coquimbo,-29.9533,-71.3436,55.4,94,90,5.75,CL,1621141016
268,Vila Franca do Campo,37.7167,-25.4333,64.4,94,75,10.36,PT,1621141017
269,Hofn,64.2539,-15.2082,36.88,62,100,20.49,IS,1621141017
270,Dongsheng,39.8161,109.9776,58.82,19,100,12.24,CN,1621141018
271,Douentza,14.9951,-2.9517,90.66,33,99,4.14,ML,1621141018
272,Roebourne,-20.7833,117.1333,81.97,28,0,16.53,AU,1621141019
273,Potosí,-19.5836,-65.7531,39.38,38,0,3.6,BO,1621141019
274,Oodweyne,9.4092,45.064,77.38,57,10,15.19,SO,1621141020
275,Marsabit,2.3284,37.9899,65.28,72,35,14.61,KE,1621141020
276,Port Hedland,-20.3167,118.5667,87.8,18,0,13.8,AU,1621141020
277,Ayotzintepec,17.6667,-96.1333,76.39,87,79,2.42,MX,1621141021
278,Tautira,-17.7333,-149.15,82.4,69,75,8.05,PF,1621141021
279,Salinas,36.6777,-121.6555,55.4,76,90,8.05,US,1621140939
280,Atambua,-9.1061,124.8925,82.45,55,52,1.52,ID,1621140786
281,Waddān,29.1614,16.139,65.41,55,0,5.64,LY,1621141022
282,Nadym,65.5333,72.5167,41.67,46,99,10.76,RU,1621141023
283,San Policarpo,12.1791,125.5072,84.67,77,68,8.93,PH,1621141023
284,Yurécuaro,20.3333,-102.3,70.07,64,14,3.53,MX,1621141023
285,Fes,34.0372,-4.9998,59.0,82,0,4.61,MA,1621141024
286,Ixtapa,20.7,-105.2,80.01,89,1,2.21,MX,1621141024
287,Águas Vermelhas,-15.7472,-41.46,56.66,98,100,2.06,BR,1621140796
288,Hong Kong,22.2855,114.1577,90.0,67,14,11.01,HK,1621140862
289,Poum,-20.2333,164.0167,78.22,75,82,17.81,NC,1621141025
290,Sharan,54.8167,54.0,77.5,39,5,9.89,RU,1621141026
291,College,64.8569,-147.8028,57.2,51,75,9.22,US,1621140784
292,Evensk,61.95,159.2333,33.17,98,99,0.85,RU,1621141027
293,Souillac,-20.5167,57.5167,75.2,78,75,12.66,MU,1621141027
294,Sørland,67.667,12.6934,43.18,91,98,13.33,NO,1621141027
295,Berzasca,44.6476,21.9526,61.0,76,70,2.77,RO,1621141028
296,Muncie,40.1934,-85.3864,59.0,53,100,5.03,US,1621141028
297,Bandi̇̄pur,27.9333,84.4167,87.17,28,32,4.14,NP,1621141029
298,Torres,-29.3353,-49.7269,57.13,91,7,3.83,BR,1621141029
299,Salalah,17.0151,54.0924,84.2,74,20,1.14,OM,1621141029
300,San Quintín,30.4833,-115.95,58.75,78,18,12.88,MX,1621141030
301,Kroya,-7.6331,109.2461,85.89,65,52,11.03,ID,1621141030
302,San Borja,-14.8167,-66.85,70.38,88,79,1.72,BO,1621141031
303,Dubai,25.2582,55.3047,87.8,42,0,4.61,AE,1621140930
304,The Valley,18.217,-63.0578,80.6,78,40,10.36,AI,1621140966
305,Inongo,-1.95,18.2667,71.24,90,92,1.59,CD,1621141032
306,Portland,45.5234,-122.6762,64.99,63,3,2.89,US,1621140921
307,Sorokyne,48.2923,39.7373,69.76,74,56,7.18,UA,1621141032
308,Renqiu,38.6989,116.0936,69.08,40,100,9.01,CN,1621141033
309,Karratha,-20.7377,116.8463,81.43,29,0,17.83,AU,1621141033
310,Meghri,38.9029,46.2446,71.76,31,2,4.72,AM,1621141034
311,Province of Mantua,45.1667,10.7833,57.0,85,90,1.99,IT,1621141034
312,Imeni Poliny Osipenko,52.4201,136.4853,55.89,46,62,0.76,RU,1621141034
313,Mitzic,0.7821,11.549,67.96,99,99,1.74,GA,1621141035
314,Nuuk,64.1835,-51.7216,37.0,93,90,8.05,GL,1621141035
315,Chanal,16.7167,-92.4,73.4,88,90,4.61,MX,1621141036
316,Hambantota,6.1241,81.1185,87.8,79,75,6.91,LK,1621141036
317,Narsaq,60.9167,-46.05,37.4,44,19,4.61,GL,1621141037
318,Kalabo,-14.97,22.6814,56.34,59,23,3.89,ZM,1621141037
319,Bela,25.9333,81.9833,103.53,18,42,4.85,IN,1621141037
320,Waipawa,-41.4122,175.5153,60.8,77,40,26.46,NZ,1621141038
321,Krabi,8.0726,98.9105,93.99,66,75,5.75,TH,1621141038
322,Galveston,29.3669,-94.9669,78.01,73,75,13.8,US,1621141039
323,Madimba,-10.4,40.3333,74.88,88,21,8.68,TZ,1621141039
324,Saint George,37.1041,-113.5841,80.6,12,1,12.66,US,1621141030
325,Meulaboh,4.1363,96.1285,85.89,66,99,4.7,ID,1621141040
326,Cattolica,43.9575,12.7376,62.01,67,90,6.91,IT,1621141040
327,Wellington,-41.2866,174.7756,60.8,77,40,26.46,NZ,1621140995
328,Golden,39.7555,-105.2211,57.99,77,40,11.5,US,1621140891
329,Vardø,70.3705,31.1107,34.38,96,100,20.09,NO,1621141041
330,Departamento de Maldonado,-34.6667,-54.9167,44.6,93,98,5.75,UY,1621141041
331,Cayhagan,9.6697,122.4256,89.17,61,100,7.78,PH,1621141042
332,Taksimo,56.3444,114.8794,51.53,36,86,12.48,RU,1621141042
333,Esperance,-33.8667,121.9,66.2,52,20,12.66,AU,1621141043
334,Namatanai,-3.6667,152.4333,85.26,70,99,10.71,PG,1621141043
335,Port Blair,11.6667,92.75,89.28,64,21,6.51,IN,1621140764
336,Padang,-0.9492,100.3543,87.8,70,20,5.75,ID,1621141044
337,Saint-François,46.4154,3.9054,46.99,93,75,2.3,FR,1621141044
338,Esparta,15.7437,-87.1766,80.6,83,20,4.61,HN,1621141045
339,Goderich,43.7501,-81.7165,53.6,58,98,3.44,CA,1621141045
340,Nizhnyaya Omka,55.4338,74.9426,77.05,41,62,12.91,RU,1621141046
341,Katsuura,35.1333,140.3,73.99,77,100,1.99,JP,1621141046
342,Rochester,43.1548,-77.6156,52.0,71,40,4.61,US,1621141047
343,San Luis,-33.295,-66.3356,52.74,68,97,2.28,AR,1621141037
344,Airai,-8.9266,125.4092,71.6,54,92,4.36,TL,1621141047
345,Opuwo,-18.0607,13.84,58.24,45,0,3.04,NA,1621141048
346,Hamilton,39.1834,-84.5333,62.6,42,90,4.61,US,1621140907
347,Ardabil,38.2498,48.2933,51.8,50,0,4.61,IR,1621141048
348,Muisne,0.6,-80.0333,76.08,89,97,2.95,EC,1621141049
349,Thinadhoo,0.5333,72.9333,85.21,72,99,15.59,MV,1621141049
350,Champaign,40.1334,-88.2001,57.99,67,90,4.83,US,1621140811
351,Ocampo,21.65,-101.5,59.47,75,51,6.82,MX,1621141050
352,Avera,33.194,-82.5271,55.4,100,1,4.61,US,1621141050
353,Iqaluit,63.7506,-68.5145,23.0,80,75,3.44,CA,1621141050
354,‘Ewa Beach,21.3156,-158.0072,78.8,53,1,11.5,US,1621141051
355,Port Hardy,50.6996,-127.4199,51.8,82,75,5.75,CA,1621141051
356,Richards Bay,-28.783,32.0377,65.35,41,0,6.33,ZA,1621141052
357,Winslow,35.0242,-110.6974,64.99,13,1,9.22,US,1621141052
358,Vershino-Darasunskiy,52.35,115.5167,58.24,38,54,17.9,RU,1621141052
359,Kungurtug,50.5994,97.5228,57.27,43,86,7.61,RU,1621141053
360,Nanzhang,31.7765,111.8386,61.61,85,85,10.18,CN,1621141053
361,Koumac,-20.5667,164.2833,78.76,72,50,11.54,NC,1621141054
362,Porbandar,21.6422,69.6093,91.4,62,75,18.41,IN,1621141054
363,Salamiyah,35.0113,37.0532,68.9,33,42,8.08,SY,1621141055
364,Lerwick,60.1545,-1.1494,46.4,93,90,6.91,GB,1621141055
365,Kavieng,-2.5744,150.7967,85.66,73,92,14.85,PG,1621141055
366,Ilhabela,-23.7781,-45.3581,67.51,87,52,5.41,BR,1621141056
367,Tucumã,-0.1833,-50.05,73.17,96,100,6.04,BR,1621140947
368,Terney,45.0503,136.6092,61.21,54,100,8.5,RU,1621141056
369,Pisco,-13.7,-76.2167,62.6,88,90,3.44,PE,1621141057
370,Monchique,37.3177,-8.5553,64.4,82,0,5.75,PT,1621141058
371,Bambanglipuro,-7.95,110.2833,84.72,68,38,14.88,ID,1621141058
372,Neiafu,-18.65,-173.9833,80.6,83,40,6.91,TO,1621141058
373,Santa Isabel,-23.3156,-46.2214,62.6,94,90,3.44,BR,1621140901
374,Grindavik,63.8424,-22.4338,33.8,69,0,8.05,IS,1621141059
375,Omsukchan,62.5333,155.8,30.74,89,88,8.93,RU,1621141060
376,Ormstown,45.1334,-73.9992,57.2,47,52,2.3,CA,1621141060
377,Miles City,46.4083,-105.8406,57.2,62,1,6.91,US,1621141060
378,Colac,-38.3333,143.5833,54.0,99,85,1.01,AU,1621141061
379,Henties Bay,-22.116,14.2845,62.1,86,1,6.67,NA,1621141061
380,Tabou,4.423,-7.3528,78.44,85,79,4.03,CI,1621141062
381,Shŭrob,40.0491,70.5489,70.05,28,0,4.32,TJ,1621141062
382,Ende,-8.8432,121.6623,82.18,70,58,7.14,ID,1621141063
383,Sovetskiy,61.3614,63.5842,60.39,81,100,2.17,RU,1621141063
384,Tromsø,69.6496,18.957,41.0,75,40,9.22,NO,1621141063
385,Quatre Cocos,-20.2078,57.7625,79.0,78,75,12.66,MU,1621141064
386,Vestmannaeyjar,63.4427,-20.2734,38.01,63,87,7.58,IS,1621141064
387,Nisibis,37.0778,41.2178,78.8,11,5,2.3,TR,1621141065
388,Turka,49.1541,23.0297,53.01,83,99,3.38,UA,1621141026
389,Kapit,2.0167,112.9333,81.82,80,99,1.45,MY,1621141066
390,Tual,-5.6667,132.75,83.37,76,69,22.39,ID,1621141066
391,Nyaunglebin,17.95,96.7333,99.82,39,19,5.44,MM,1621141066
392,Anadyr,64.75,177.4833,42.8,52,0,11.18,RU,1621141067
393,Lavrentiya,65.5833,-171.0,32.76,89,25,3.78,RU,1621141067
394,Corrientes,-27.4806,-58.8341,63.0,100,0,5.75,AR,1621141068
395,San Cristobal,7.7669,-72.225,67.15,89,99,2.51,VE,1621141068
396,Beira,-19.8436,34.8389,68.0,94,20,6.4,MZ,1621141068
397,Buchanan,5.8808,-10.0467,78.42,86,100,3.22,LR,1621141069
398,Tvøroyri,61.5556,-6.8111,44.6,87,90,10.36,FO,1621141069
399,Balkanabat,39.5108,54.3671,87.13,9,0,12.21,TM,1621141070
400,Buin,-33.7333,-70.75,62.01,81,20,4.61,CL,1621141070
401,Umm Hājar,13.2954,19.6966,86.18,32,51,9.17,TD,1621141070
402,Ambatofinandrahana,-20.55,46.8,59.58,81,39,2.8,MG,1621141071
403,Leopold,-38.1833,144.4667,57.2,72,90,24.16,AU,1621141071
404,Touros,-5.1989,-35.4608,73.4,94,20,4.61,BR,1621141072
405,Iracoubo,5.4802,-53.2011,77.27,85,73,7.47,GF,1621141072
406,Kyra,49.5776,111.9753,66.94,23,68,15.03,RU,1621141073
407,Memmingen,47.9837,10.1853,46.0,87,75,9.22,DE,1621141073
408,Aklavik,68.2191,-135.0107,50.0,46,100,3.44,CA,1621141073
409,Chara,56.9064,118.2631,50.16,38,37,7.52,RU,1621141074
410,Yertarskiy,56.7902,64.2995,83.5,35,69,9.78,RU,1621141074
411,Caxito,-8.5785,13.6643,69.55,96,8,4.12,AO,1621141075
412,Abu Samrah,35.3029,37.1841,69.64,35,64,7.81,SY,1621141075
413,Chui,-33.6971,-53.4616,50.14,85,91,2.86,UY,1621141075
414,Tignère,7.3667,12.65,65.08,90,98,3.29,CM,1621141076
415,Dwārka,22.2394,68.9678,88.59,57,100,9.19,IN,1621141076
416,Maracaí,-22.6106,-50.6672,59.97,76,0,5.66,BR,1621141077
417,Udachny,66.4167,112.4,21.6,90,100,26.91,RU,1621141077
418,Ljungby,56.8332,13.9408,46.99,100,90,3.44,SE,1621141078
419,Walvis Bay,-22.9575,14.5053,53.6,94,1,4.61,NA,1621141078
420,Ternate,0.8,127.4,84.83,72,95,6.58,ID,1621141078
421,Gillette,44.2911,-105.5022,50.0,87,1,7.54,US,1621141079
422,Malanje,-9.5402,16.341,58.03,78,1,3.96,AO,1621140856
423,Pauini,-7.7136,-66.9764,73.09,91,96,0.31,BR,1621141080
424,Halifax,44.6453,-63.5724,44.6,76,36,1.14,CA,1621140907
425,Hammerfest,70.6634,23.6821,32.0,100,90,14.97,NO,1621141080
426,Praia da Vitória,38.7333,-27.0667,66.2,88,40,3.94,PT,1621141081
427,Porto Santo,33.072,-16.3415,66.2,77,75,11.5,PT,1621141081
428,Hobyo,5.3505,48.5268,83.55,67,3,21.79,SO,1621141082
429,Derzhavīnsk,51.1,66.3167,77.09,30,46,14.94,KZ,1621141082
430,Muhafazat Lahij,13.1667,44.5833,87.66,48,22,2.46,YE,1621141083
431,Itoman,26.1247,127.6694,87.8,79,20,14.97,JP,1621141083
432,Belomorsk,64.5232,34.7668,40.33,90,100,10.67,RU,1621141084
433,Itarema,-2.9248,-39.9167,76.5,84,99,9.28,BR,1621141084
434,Povarovo,56.0667,37.05,59.0,77,0,8.95,RU,1621141085
435,Perth,-31.9333,115.8333,79.0,38,0,10.36,AU,1621140953
436,Ulaanbaatar,47.9077,106.8832,60.8,20,0,11.18,MN,1621140802
437,Kasongo-Lunda,-6.4667,16.8167,66.25,79,8,2.15,CD,1621141086
438,Tiznit Province,29.5833,-9.5,66.0,53,0,2.51,MA,1621141086
439,Fortuna,40.5982,-124.1573,52.0,100,90,3.44,US,1621141087
440,Palmer,42.1584,-72.3287,52.0,82,90,1.48,US,1621141087
441,Buala,-8.145,159.5921,85.62,70,38,8.41,SB,1621141087
442,Port-Gentil,-0.7193,8.7815,81.45,78,98,7.16,GA,1621141088
443,Noumea,-22.2763,166.4572,79.0,83,75,9.22,NC,1621141089
444,Port Jervis,41.3751,-74.6927,52.0,84,99,2.51,US,1621141089
445,Sadu,45.6667,24.1833,54.0,94,75,2.89,RO,1621141090
446,São José da Coroa Grande,-8.8978,-35.1478,75.9,77,31,7.92,BR,1621141090
447,Wuwei,37.9281,102.6414,66.38,21,57,8.75,CN,1621141090
448,Torbay,47.6666,-52.7314,39.99,100,90,6.91,CA,1621141091
449,Itaituba,-4.2761,-55.9836,77.5,80,85,2.26,BR,1621141091
450,Camacha,33.0833,-16.3333,66.2,77,75,11.5,PT,1621141092
451,Bustamante,26.5333,-100.5,73.8,80,86,8.66,MX,1621141092
452,Lata,40.1629,-8.3327,63.0,88,75,4.61,PT,1621140811
453,Bathsheba,13.2167,-59.5167,80.6,61,20,18.41,BB,1621141093
454,Vila,42.0304,-8.1588,57.0,95,100,11.99,PT,1621141093
455,Sambava,-14.2667,50.1667,76.71,76,32,10.71,MG,1621141094
456,Ouésso,1.6136,16.0517,70.03,99,92,1.05,CG,1621141094
457,Mossamedes,-15.1961,12.1522,72.34,61,0,4.47,AO,1621141094
458,Ayan,56.45,138.1667,33.21,98,100,20.67,RU,1621141095
459,Fairbanks,64.8378,-147.7164,57.2,62,90,10.36,US,1621141095
460,Senanga,-16.1167,23.2667,55.81,52,30,5.03,ZM,1621141096
461,Trat,12.5,102.5,95.0,74,75,3.44,TH,1621141096
462,Huilong,31.8111,121.655,73.98,91,100,11.32,CN,1621141097
463,Kwang Binh,17.4833,106.6,89.33,67,95,12.26,VN,1621141097
464,Hegang,47.4,130.3667,70.48,22,97,12.82,CN,1621141098
465,Morant Bay,17.8815,-76.4093,80.6,78,40,2.3,JM,1621141098
466,Alofi,-19.0595,-169.9187,80.6,83,5,12.66,NU,1621141098
467,Soyo,-6.1349,12.3689,78.35,88,79,8.01,AO,1621141099
468,Solnechnyy,50.7214,136.6319,57.9,43,92,11.79,RU,1621141099
469,Huntingdon,52.3305,-0.1865,44.01,91,77,6.58,GB,1621140967
470,Te Anau,-45.4167,167.7167,45.79,72,22,5.26,NZ,1621141100
471,Eureka,40.8021,-124.1637,52.0,86,12,3.53,US,1621141042
472,Dingle,10.9995,122.6711,89.78,58,100,14.07,PH,1621141101
473,Kachīry,53.0675,76.1036,80.4,33,73,9.6,KZ,1621141101
474,Takoradze,4.8845,-1.7554,79.48,83,100,5.41,GH,1621141101
475,Três Passos,-27.4556,-53.9319,54.79,69,9,3.87,BR,1621141102
476,Samaipata,-18.15,-63.8667,52.63,94,98,1.43,BO,1621141102
477,Kerva,55.6117,39.5766,61.45,76,4,8.01,RU,1621141103
478,Novozybkov,52.5396,31.9275,62.01,88,75,4.47,RU,1621141103
479,Birao,10.2849,22.7882,79.18,65,98,4.16,CF,1621141103
480,Antofagasta,-23.65,-70.4,59.0,82,90,9.22,CL,1621141105
481,Wuda,39.4994,106.7117,66.42,9,48,2.04,CN,1621141106
482,Arrecife,28.963,-13.5477,66.2,82,0,8.05,ES,1621141106
483,Emerald,-23.5333,148.1667,71.6,26,60,12.66,AU,1621141093
484,Makkah al Mukarramah,21.4267,39.8261,86.61,25,0,2.35,SA,1621141107
485,Santa Rosa,14.3122,121.1114,93.99,52,20,12.66,PH,1621141108
486,Balkhash,46.844,74.9804,73.4,18,0,6.71,KZ,1621141108
487,Bairiki Village,1.3292,172.9752,87.8,66,40,14.97,KI,1621141109
488,Staryy Nadym,65.6118,72.6842,41.29,46,98,10.25,RU,1621141109
489,Kaeo,-35.1,173.7833,66.99,83,18,4.0,NZ,1621141110
490,Macapá,0.0389,-51.0664,78.8,94,100,3.44,BR,1621141110
491,Koshki,54.2091,50.4677,75.63,41,8,13.22,RU,1621141110
492,Pergamino,-33.89,-60.5736,48.0,79,100,1.99,AR,1621141111
493,Naze,28.3667,129.4833,82.4,83,75,16.11,JP,1621141111
494,Vrangel',42.7297,133.0839,53.42,78,100,3.09,RU,1621141112
495,Chino Valley,34.7575,-112.4538,64.4,17,1,6.91,US,1621141112
496,Acaraú,-2.8856,-40.12,76.95,83,99,9.62,BR,1621141113
497,Manggar,-2.8833,108.2667,87.06,65,75,12.33,ID,1621141113
498,Bom Jesus,-9.0744,-44.3586,73.18,63,100,2.57,BR,1621141114
499,Canavieiras,-15.675,-38.9472,68.5,85,100,5.28,BR,1621141114
500,Manhattan,40.7834,-73.9662,66.2,34,1,6.91,US,1621141115
501,Kuytun,54.3419,101.5036,43.81,85,100,5.5,RU,1621141115
502,Praia,14.9215,-23.5087,69.8,78,75,12.66,CV,1621140982
503,Maceió,-9.6658,-35.7353,71.6,100,40,4.61,BR,1621141116
504,Kahna Nau,31.3692,74.3653,91.4,35,20,1.79,PK,1621141116
505,Polahongon,10.5288,124.9694,87.03,66,100,5.95,PH,1621141117
506,Bobo-Dioulasso,11.1771,-4.2979,77.0,83,0,4.61,BF,1621141117
507,Neuhof,50.4531,9.6175,46.0,96,98,5.99,DE,1621141118
508,Tiarei,-17.5333,-149.3333,82.4,69,75,8.05,PF,1621141118
509,Samarai,-10.6167,150.6667,83.05,75,66,9.08,PG,1621141119
510,Vung Tau,10.346,107.0843,87.8,67,73,10.78,VN,1621141013
511,Ponta do Sol,32.6667,-17.1,68.0,64,20,18.41,PT,1621141119
512,Mitsamiouli,-11.3847,43.2844,81.52,70,48,8.99,KM,1621141120
513,Dukat,62.55,155.55,29.08,91,82,7.05,RU,1621141120
514,Rawson,-43.3002,-65.1023,52.74,52,95,8.59,AR,1621140915
515,Sept-Îles,50.2001,-66.3821,39.0,93,40,3.44,CA,1621140904
516,Tonota,-21.4833,27.4833,57.0,40,66,5.21,BW,1621141081
517,Biak,-0.9131,122.8766,81.64,80,82,8.12,ID,1621141121
518,Angoche,-16.2325,39.9086,72.36,82,75,2.73,MZ,1621141122
519,Lamu,-2.2717,40.902,81.18,78,15,15.5,KE,1621141122
520,Batagay-Alyta,67.8006,130.4114,50.88,40,9,5.21,RU,1621141122
521,Maniitsoq,65.4167,-52.9,33.44,88,94,7.31,GL,1621141123
522,Caála,-12.8525,15.5606,53.42,70,24,1.3,AO,1621141124
523,Witu,-2.3889,40.4382,81.32,72,18,13.94,KE,1621141124
524,Karwar,14.8,74.1333,78.04,92,100,31.03,IN,1621141124
525,Celendín,-6.8703,-78.1517,54.23,89,95,2.37,PE,1621141125
526,Arman',59.7,150.1667,40.69,55,100,17.43,RU,1621141125
527,Tinde,-3.8833,33.2,66.88,79,31,4.16,TZ,1621141126
528,Isla Mujeres,21.2311,-86.731,81.0,78,75,6.91,MX,1621141126
529,Ukiah,39.1502,-123.2078,66.2,72,1,1.19,US,1621140902
530,Maryborough,-25.5333,152.7,70.0,60,3,5.01,AU,1621141127
531,Belyy Yar,53.6039,91.3903,60.8,59,40,13.42,RU,1621141127
532,Blue Springs,39.0169,-94.2816,55.99,94,1,6.91,US,1621141128
533,Livny,52.4253,37.6069,62.73,73,39,5.44,RU,1621141024
534,Naryan-Mar,67.6713,53.087,36.21,53,98,11.05,RU,1621141128
535,Matão,-21.6033,-48.3658,59.49,86,41,4.45,BR,1621141125
536,Olinda,-8.0089,-34.8553,73.4,83,40,5.75,BR,1621141129
537,Samarinda,-0.5,117.15,89.51,61,90,4.54,ID,1621141129
538,Quepos,9.4236,-84.1652,71.6,73,0,13.8,CR,1621141130
539,Klosterneuburg,48.3052,16.3252,53.01,93,75,13.8,AT,1621141130
540,Lapeer,43.0514,-83.3188,59.0,47,90,4.61,US,1621141131
541,Khandyga,62.6667,135.6,57.29,38,70,3.78,RU,1621141131
542,Baijiantan,45.6333,85.1833,75.27,25,45,5.17,CN,1621141132
543,Erzin,36.9559,36.2,70.0,85,29,4.52,TR,1621141132
544,Atar,20.5169,-13.0499,76.24,27,23,8.1,MR,1621141133
545,Portalegre,39.2938,-7.4312,61.0,83,94,1.01,PT,1621141134
546,Nioro,13.35,-15.75,75.04,60,38,5.82,GM,1621141134
547,Darhan,49.4867,105.9228,68.22,24,24,10.85,MN,1621141134
548,Uíge,-7.6087,15.0613,63.61,67,3,3.4,AO,1621141135
549,Monte Patria,-30.6919,-70.9467,65.25,54,82,3.29,CL,1621141135
550,Suna,57.8338,50.0588,72.79,57,23,11.61,RU,1621141136
551,Gigmoto,13.7796,124.39,86.83,69,96,9.73,PH,1621141136
552,Charters Towers,-20.1,146.2667,75.38,25,0,12.93,AU,1621141137
553,Buraidah,26.326,43.975,82.4,21,0,4.61,SA,1621141137
554,Inverell,-29.7833,151.1167,57.99,30,0,7.0,AU,1621141138
555,Keflavik,64.0049,-22.5624,33.8,69,0,8.05,IS,1621141138
556,Beyneu,45.3167,55.2,82.38,15,0,16.35,KZ,1621141139
557,Harrai,22.6167,79.2167,96.48,32,41,13.4,IN,1621141139
558,Kouango,4.9934,19.9619,71.26,92,100,1.21,CF,1621141139
559,Fenyi,27.8112,114.6681,74.35,92,100,4.34,CN,1621141140
560,Dalianwan,39.0286,121.695,60.8,59,0,11.18,CN,1621141140
561,Alice Springs,-23.7,133.8833,64.4,34,0,13.8,AU,1621141141
562,Mazagão,-0.115,-51.2894,78.8,94,100,3.44,BR,1621141141
563,Prijepolje,43.3719,19.6406,50.0,93,0,4.61,RS,1621141142
564,Tosno,59.54,30.8775,59.0,82,40,8.95,RU,1621141142
565,Vilyuysk,63.7553,121.6247,52.84,43,100,9.66,RU,1621141142
566,Durango,24.8333,-104.8333,65.71,46,46,11.01,MX,1621141137
567,Puqi,29.7167,113.8833,63.63,86,100,6.78,CN,1621141143
568,Singaraja,-8.112,115.0882,85.77,64,9,3.2,ID,1621141143
569,Almuñécar,36.7339,-3.6907,70.0,41,0,1.01,ES,1621141144
570,Viedma,-40.8135,-62.9967,49.8,81,100,3.87,AR,1621141144
571,Salta,-24.7859,-65.4117,53.6,87,75,2.3,AR,1621141145
572,Qorveh,35.1664,47.8045,62.67,39,0,8.59,IR,1621141145
573,Caiapônia,-16.9567,-51.8103,65.77,60,84,3.47,BR,1621141146
574,Margate,51.3813,1.3862,48.0,84,58,3.0,GB,1621141146
575,Biloela,-24.4167,150.5,72.05,14,29,9.48,AU,1621141146
576,Marfino,55.7028,37.3822,59.0,82,0,6.71,RU,1621141147
577,Pemangkat,1.1667,108.9667,84.58,74,63,5.46,ID,1621141148
578,Charleroi,50.413,4.4465,48.2,87,75,10.36,BE,1621141148
579,Safranbolu,41.2508,32.6942,61.0,79,100,1.1,TR,1621141148
580,Chapais,49.7834,-74.8492,44.6,70,20,6.91,CA,1621141149
